100-1;Test
13-3;Linnade ja valdade planeeringute dokumendid
2-4-1;Kirjavahetus õigusalastes küsimustes haldusala ja SiM osakondadega
10-9;Rahvastikuregistri volitatud töötlejate ja kasutajate dokumendid
2-2;Isikute avaldused, päringud
7-5;Kinnisvara arendustegevuse dokumendid
7-10/2010;Riigivaraga teostatud toimingute dokumendid
10-10/2010;Registrialaste päringutega seotud avaldused
14-5.2;Kesk-Läänemere CBC programm 2007-2013 dokumendid
1-7/2010;Kooskõlastamiseks saadetud õigusaktide eelnõud
2-3/2010;Õigusteenindusalane kirjavahetus
1-6;Algatatud õigusaktide eelnõud
2-1/2010;Kirjavahetus asutustega
14-5.3;Eesti-Läti CBC programm 2007-2013 dokumendid
5-4/2010;Rahvusvaheliste suhete alane kirjavahetus
14-1.3;"Meetme ""Keskkonna hädaolukordadeks valmisoleku parandamine"" dokumendid"
14-1.1;Elukeskkonna arendamise rakenduskava 2007-2013 üldine kirjavahetus
9-5;Päästealased dokumendid
12-8;Siseriiklikud regionaalarengu programmid ja meetmed
2-5/2010;Info- ja kommunikatsioonitehnoloogia alane kirjavahetus
10-5/2010;Valimiste korraldamisega seotud dokumendid
10-1;Perekonnasündmuste dokumendid
1-4;Regionaalministri käskkiri
7-7;Riigihanke dokumendid
1-7;Kooskõlastamiseks saadetud õigusaktide eelnõud
12-3;Haldus- ja asustusjaotuse muudatustega seotud dokumendid
2-1;Kirjavahetus asutustega
7-5/2010;Kinnisvara arendustegevuse dokumendid
7-3;Lepingud juriidiliste isikutega
14-5.6;INTERREG IVC programm 2007-2013 dokumendid
2-10;Kohtuasjad
9.1-5-5;Teabeameti nädalaülevaated
14-1.2;"Prioriteetse suuna ""Piirkondade terviklik ja tasakaallustatu areng"" dokumendid"
14-8.4;Euroopa Tagasipöördumisfond
3-16;Majanduslike huvide deklaratsioonid
13-1;Üleriigilise planeeringu dokumendid
2-2/2010;Isikute avaldused, päringud
1-3;Siseministri käskkiri
1-22;Maavalitsuste tegevuskavad ja nende täitmise dokumendid
14-5.5;Läänemerepiirkonn TNC programm 2007-2013 dokumendid
5-2/2010;Eesti seisukohad, ühispositsioonid, aruandlus
1-21/2010;Kodakonikuühiskonna kirjavahetus
2-3;Õigusteenindusalane kirjavahetus
14-5.1;Euroopa Territoriaalse koostöö programmide üldine kirjavahetus
1-17/2010;Operatiivraadioside dokumendid
14-7;Eesti-Sveitsi koostööprogramm
10-3/2010;Elukoha registreerimise avaldus
12.1-3-3;Kirjavahetus asutustega omavalitsuse küsimustes (õigusaktid)
11-3;Migratsioonipoliitika korraldamise dokumendid
11-1;Kodakondsuspoliitika korraldamise dokumendid
10-10;Registrialaste päringutega seotud avaldused
9-5/2010;Päästealased dokumendid
9-2/2010;Korrakaitse- ja kriminaalpoliitika korraldamise dokumendid
12-1/2010;Kirjavahetus kohalike omavalitsuste ja regionaalhalduse küsimustes
7-1/2010;Rahandusalane kirjavahetus
7-8/2010;Haldus- ja hooldusalane kirjavahetus
7-10;Riigivaraga teostatud toimingute dokumendid
9-8/2010;Piirivalveavaldkonna poliitika korraldamise dokumendid
14-8.2;Euroopa Pagulasfond
10-8;Rahvastikuregistri järelevalve dokumendid
12-1;Kirjavahetus kohalike omavalitsuste ja regionaalhalduse küsimustes
10-5;Valimiste korraldamisega seotud dokumendid
2-3;Kohtuasjadega seotud dokumendid
7-7;Riigihanke läbiviimise taotlused
12-6;Regionaalarengu ja -poliitikaalased dokumendid
3-17/2010;Valitsemisala asutuste juhtide välislähetuste ja puhkuste taotlused
2-5;Info- ja kommunikatsioonitehnoloogia alane kirjavahetus
9-8;Piirivalveavaldkonna poliitika korraldamise dokumendid
9-4/2010;Kriisireguleerimisalased dokumendid
14-10.10;Kohalike omavalitsuste EL infoühiskonna arendusprojektid
4-1;Siseauditi toimikud
14-5.9;ESPON 2013 programm dokumendid
7-1;Rahandusalane kirjavahetus
14-8.3;Välispiirifond
9-1;Riigi julgeoleku korraldamise dokumendid
7.2-7;Sõiduki kasutamise ja hoolduse alased dokumendid
11-4/2010;Viisapoliitika korraldamise dokumendid
7-8;Haldus- ja hooldusalane kirjavahetus
5-3;Rahvusvaheliste lepingute, koostöökokkulepete ja protokollidega seotud kirjavahetus
13-4/2010;Kirjavahetus planeeringute küsimustes
10-11/2010;Perekonnaseisudokumentide alased päringud
1-16;Represseeritute komisjoni dokumendid
13-4;Kirjavahetus planeeringute küsimustes
9-3/2010;Rahvusvahelise politseikoostöö dokumendid
9-2;Korrakaitse- ja kriminaalpoliitika korraldamise dokumendid
12-2;Kohalike omavalitsuste tegevust toetavate komisjonide või töögruppide dokumendid
11-1-1;Kodakondsuspoliitika alased töökavad, ülevaated, jmt
13-2;Maakonnaplaneeringute järelevalve dokumendid
9-4;Kriisireguleerimisalased dokumendid
3-17;Valitsemisala asutuste juhtide välislähetuste ja puhkuste taotlused
10-6/2010;Isikunimekomisjoni dokumendid
7-7;Riigihanke dokumendid (va riigihanke taotlused)
9-3;Rahvusvahelise politseikoostöö dokumendid
8-2-1;Operatiivraadioside projekti ORS dokumendid
9-9;Teabe operatiivse kogumise ja edastamisega seotud kirjavahetus
2-3;Kohtuasjadega seotud dokumendid
9-9/2010;Teabe operatiivse kogumise ja edastamisega seotud kirjavahetus
3-15;Autasustamisega seotud dokumendid
12.1-1;Riigi kohaliku omavalitsuse tegevuse analüüsid, kavad
3-11/2010;Kirjavahetus personalitöö küsimustes
13-2/2010;Maakonnaplaneeringute järelevalve dokumendid
7-2;Majandustehingute arvestus ja aruandlus
11-4;Viisapoliitika korraldamise dokumendid
3-11;Kirjavahetus personalitöö küsimustes
14-3;Eesti Riikliku Arengukava 2004-2006 ja rakenduskavade 2007-2013 struktuurvahendite tehnilise abi dokumendid
14-10.14;Euroopa vabatahtliku tegevuse aasta
14-2;Inimressursi arendamise rakenduskava 2007-2013 meetmete dokumendid
8-2-2;Operatiivraadioside opereerimise alased dokumendid
11-2;Isikut tõendavate dokumentide korraldamise dokumendid
4-2/2010;Kirjavahetus siseauditi küsimustes
5-4;Rahvusvaheliste suhete alane kirjavahetus
6-2/2010;Avalikkuse informeerimist puudutavad dokumendid
3-15/2010;Autasustamisega seotud dokumendid
14-10.1;Ministeeriumi kui toetuse taotleja/saaja projektide üldine kirjavahetus
5-2;Eesti seisukohad, ühispositsioonid, aruandlus
5-1;Euroopa Liidu Nõukogu ja Euroopa Komisjoni otsustusprotsessi dokumendid
14-5.4;Eesti-Läti-Vene ENPI CBC programm 2007-2013 dokumendid
1-15/2010;Pikaajalise välislähetusega seonduvad dokumendid
11-3-3;Sissesõidukeelu kohaldamise otsustamisega seotud dokumendid
3-16/2010;Majanduslike huvide deklaratsioonid
1-21;Kodakonikuühiskonna kirjavahetus
3.1-1-3;Kantsleri käskkiri (personal-p)
14-10.3;CREMEX
10-11;Perekonnaseisutoimingute alased dokumendid
9-6;Valitsuse kriisikomisjoni dokumendid
7-6/2010;Isiklikud kasutusõigused ja reaalservituudiga koormamise lepingud
1.1-2-1;Siseminsitri üldkäskkiri (põhitegevust korraldav)
11-5;Tähtajalise elamis- ja tööloa siseriiklikult taotlemise lubamisega seotud dokumendid
2-4;Kirjavahetus dokumendihalduse küsimutes
7-6;Isiklikud kasutusõigused ja reaalservituudiga koormamise lepingud
10.2-4;Apostilliga kinnitatud dokumentide saamiseks esitatud dokumendid, avaldused
2-4/2010;Kirjavahetus dokumendihalduse küsimutes
8-3/2010;Kirjavahetus usuelu küsimustes
10-4;Rahvastikuregistri andmete täiendamise avaldused
14-10.13;"Projekt „Tsentraliseeritud majandusressursside juhtimine ja haldus Siseministeeriumi valitsemisalas läbi SAP funktsionaalsete liideste"""
14-9;Schengen Facility kirjavahetus
2-9;Riigisaladusega seotud kirjavahetus
8-3;Kirjavahetus usuelu küsimustes
1-15;Pikaajalise välislähetusega seonduvad dokumendid
8-1/2010;Vaimulikule abielusõlmimise õiguse andmise dokumendid
1.1-2-1;Siseminsitri üldkäskkiri (põhitegevust korraldav)
3-9;Personalialased aruanded ja analüüsid
5-3/2010;Rahvusvaheliste lepingute, koostöökokkulepete ja protokollidega seotud kirjavahetus
3-3;Kantsleri personalikäskkiri
10-7/2010;Perekonnaseisuametniku koolituse ja eksamikorraldamise komisjoni dokumendid
9.2-10;Üldine kriisireguleerimisalane kirjavahetus
1-10;Koostöölepingud ja protokollid
8-3;Kirjavahetus infotehnoloogia, side- ja valvetehnika üldistes küsimustes
3-9/2010;Personalialased aruanded ja analüüsid
100-2;Test2
3-18;Konkursi- ja atesteerimiskomisjoni dokumendid
12-5;Kohanimekorraldusega seotud dokumendid
11-2/2010;Isikut tõendavate dokumentide korraldamise dokumendid
9-7;Otsingu- ja päästetööde ning resostustõrjega seotud dokumendid
1.2-1-1;Kirjavahetus asutustega üldistes küsimustes
3-1;Siseministri personalikäskkiri
1-5;Kantsleri käskkiri
7-4;Eraldise kasutamise lepingud
3.1-11;Kirjavahetus personalialastes küsimustes
12.1-4-4;VV ja kodanikeühenduste esindajate ühiskomisjoni dokumendid
1.2-2-1;Kodanike avaldused ja märgukirjad
5.1-3-1;Euroopa Pagulasfondi alased dokumendid
7.2-9-5;Kirjavahetus teiste asutustega (kinnisvara)
10.2-1-6;Ees-ja perekonnanime muutmise toimik
7.1-9-1;Lepingud juriidiliste isikutega
10.1-1-3;Registri kasutamistaotlused ja lepingud
10.1-1-3;Registri kasutamistaotlused ja lepingud
1.2-1-1;Kirjavahetus asutustega üldistes küsimustes
2-12;Relvaloa taotlused
1.2-11-3;VV korraldused
14-10.2;E-toimiku kohtuväliste väärteomenetlejate infotehnoloogilise lahenduse projekt
1.1-3-2;Regionaalministri käskkiri (üksikküsimuses-L)
10.1-5-1;Kirjavahetus asutustega
5.1-3-3;Välispiirifondi alased dokumendid
10.2-3-2;Isiku avaldus perekonnaseisutunnistuse, tõendi ja ärakirja saamiseks
13-2;Maakonnaplaneeringute järelevalve dokumendid
3-2;Regionaalministri personalikäskkiri
10.2-4;Apostilliga kinnitatud dokumentide saamiseks esitatud dokumendid, avaldused
1.1-2-2;Regionaalministri üldkäskkiri (põhitegevust korraldav)
10.1-1-1;Maavalitsuste lepingud ja aruanded
9.1-7;Kodanike sisejulgeolekualased avaldused ja märgukirjad
1-4/2010;Regionaalministri käskkiri
12.1-3-1;Kirjavahetus omavalitsuste ja omavalitsusliitudega
7.1-1-7;Taotlused VV reservist
10.1-1-2;Volitatud töötlejate lepingud ja aruanded
14-4;INTERREG programmid 2000-2006
4-2;Kirjavahetus siseauditi küsimustes
7.2-1-4;Vallasvara üleandmise-vastuvõtmise, mahakandmise ja hävitamise aktid
12.2-3-10;Eesti-Läti-Vene ENPI CBC programm 2007-2013 dokumendid
7.3-3;Kirjavahetus riigihanke küsimutes
3.1-1-3;Kantsleri käskkiri (personal-p)
9.1-3-3;Terrorismivastase tegevusega seotud dokumendid
1.2-2-1;Kodanike avaldused ja märgukirjad
14-10.9;KMA ja rahvastikuregistri andmevahetuse loomise projekt
1-17;Operatiivraadioside dokumendid
9-7/2010;Otsingu- ja päästetööde ning resostustõrjega seotud dokumendid
3.1-1-3;Kantsleri käskkiri (personal-p)
2-1-5;Sisejulgeoleku alased seaduseelnõud ja kooskõlastused
1.1-3-3;Kantsleri käskkiri (üksikküsimuses-L)
10-7;Perekonnaseisuametniku koolituse ja eksamikorraldamise komisjoni dokumendid
5.2-1;Rahvusvaheliste lepingute, koostöökokkulepete ja protokollidega seotud kirjavahetus
1.1-3-1;Siseministri käskkiri (üksikküsimuses-L)
1.1-2-3;Kantsleri üldkäskkiri (põhitegevust korraldav)
3-7;Lepingud füüsiliste isikutega
3.1-2-3;Kantsleri käskkiri (personal-pl)
10.1-4-1;Rahvastikuregistri projekti dokumendid
11-2-5;Tähtajalise elamisloa Eestis taotlemise taotlused
3.1-2-1;Siseministri käskkiri (personal-pl)
12.2-1-1;Regionaalsed arengukavad
1.2-10-4;Raamatupidamise garantiikirjad
11-2-5;Tähtajalise elamisloa Eestis taotlemise taotlused
12.2-3-9/6;Good Fruit
3.1-2-2;Regionaalministri käskkiri (personal-pl)
9.1-4-1;Korrakaitse valdkonna dokumendid
1.1-10-8;Pikaajaliste välislähetuste planeerimise komisjoni dokumendid
1.2-1-1;Kirjavahetus asutustega üldistes küsimustes
7.2-6-2;Kirjavahetus hooldusalastes küsimutes
1.1-3-3;Kantsleri käskkiri (üksikküsimuses-L)
1.1-2-2;Regionaalministri üldkäskkiri (põhitegevust korraldav)
3.1-2-3;Kantsleri käskkiri (personal-pl)
12.6-2-1;Piirkondade terviklik ja tasakaalustatud areng prioriteetse suuna dokumendid
2-1-2;Kodakondsus- ja migratsioonalased õigusaktid ja kooskõlastused
14-6.1;Norra ja EMP finantsmehhanismi üldine kirjavahetus
11-3-5;Tähtajalise elamis- ja tööloa siseriiklikult taotlemise lubamisega seotud dokumendid
10.1-4-1;Pereregistri ja rahvastikuregistri projekti dokumendid
3.1-1-1;Siseministri personalialased käskkirjad
12-7;Regionaalset arengut toetavate komisjonide või töögruppide dokumendid
7.1-3-5;Majandusaasta aruanne
1-3/2010;Siseministri käskkiri
2-4-4;Kirjavahetus asutustega sisejulgeolekut puudutavates õigus(loome) küsimustes
3-2/2010;Regionaalministri personalikäskkiri
13-3;Linnade ja valdade planeeringualane kirjavahetus
7.1-9-1;Kinnisvara üleandmise-vastuvõtmise aktid
11-1-1;Kodakondsuse küsimustega seotud dokumendid
1.1-3-2;Regionaalministri käskkiri (üksikküsimuses-L)
10.2-3-2;Isiku avaldus perekonnaseisutunnistuse, tõendi ja ärakirja saamiseks
2-2-4;Kooskõlastamiseks saadetud sisejulgeoleku alased eelnõud
7.2-6-1;Kirjavahetus ja memod üldistes küsimustes
10.2-5;Välisriigi apostilliga kinnitamist tõendavad dokumendid
2-4-5;Regionaalala kirjavahetus õigusküsimustes
10.1-5-2;Kirjavahetus isikutega
2-3;Kohtuasjadega seotud dokumendid
1-2-1;Siseministri üldkäskkirjad
1-9-2;Siseriiklikud koostöölepingud
1.1-3-1;Siseministri käskkiri (üksikküsimuses-L)
9.1-4-4;Rahvusvahelise politseikoostöö dokumendid
3.1-2-2;Regionaalministri käskkiri (personal-pl)
7.2-9-3;Kirjavahetus riigivara registriga (kinnisvara)
7.1-9-3;Koostöölepingud maavalitsustega ja riigieelarvelise erladise kasutamise lepingud
1.2-2-2;Teabenõuded ja vastused
9.1-1;Kirjavahetus sisejulgeoleku üldistes küsimustes
14-10.4;"Projekt ""Tulemuspõhise juhtimissüsteemi arendamine"""
10.1-2-2;Riigikogu valimiste dokumendid
9.1-1;Kirjavahetus sisejulgeoleku üldistes küsimustes
3.3-3-1;Sisekaitseakadeemiat puudutava komisjoni dokumendid
12.2-3-9;Eesti-Läti CBC programm 2007-2013 dokumendid
10-2/2010;Juhendid perekonnaseisuasutustele ja registripidajatele
10.1-3;Rahvastikuregistri järelevalve dokumendid
11-1-1;Kodakondsuspoliitika alased töökavad, ülevaated, jmt
1-2-2;Regionaalministri üldkäskkirjad
1-22/2010;Maavalitsuste tegevuskavad ja nende täitmise dokumendid
1.2-2-2;Teabenõuded ja vastused
2-1-1;SIM algatatud ja esitatud seaduseelnõud ja kooskõlastused
7.3-3;Kirjavahetus riigihanke küsimutes
2-1-9;Õigusaktide eelnõud ja kooskõlastused üldistes küsimustes
7.2-1-1;Riigivara võõrandamise dokumendid
2-7;Kirjavahetus asutustega õigusteeninduse küsimustes
9.2-10;Üldine kriisireguleerimisalane kirjavahetus
1.1-3-2;Regionaalministri käskkiri (üksikküsimuses-L)
14-8.1;Solidaarsusprogrammi fondide üldine kirjavahetus
1.2-2-1;Kodanike avaldused ja märgukirjad
2-2-4;Kooskõlastamiseks saadetud sisejulgeoleku alased eelnõud
1.1-2-1;Siseminsitri üldkäskkiri (põhitegevust korraldav)
11-3-3;Sissesõidukeelu kohaldamise otsustamisega seotud dokumendid
10.2-3-3;Kirjavahetus asutustega perekonnaseisualastes küsimustes
7.2-1-2;Kinnisvara tasuta võõrandamise aktid
1-16/2010;Represseeritute komisjoni dokumendid
1.1-3-3;Kantsleri käskkiri (üksikküsimuses-L)
1-13;Strateegia ja arengukava koostamise ja täitmise dokumendid
10.1-1-3;Registri kasutamistaotlused ja lepingud
10.1-5-1;Kirjavahetus asutustega
1-2-2;Regionaalministri üldkäskkirjad
9.2-1-1;VV kriisikomisjoni dokumendid
14-1.4;"Meetme ""Piirkondade konkurentsivõime tugevdamine"" komisjoni dokumendid"
1-5/2010;Kantsleri käskkiri
1.1-2-2;Regionaalministri üldkäskkiri (põhitegevust korraldav)
7.2-9-5;Kirjavahetus teiste asutustega (kinnisvara)
10.2-3-3;Kirjavahetus perekonnaseisualastes küsimustes
3-3/2010;Kantsleri personalikäskkiri
12.6-2-2;Keskkonna hädaolukordadeks valmisoleku parandamine meetme dokumendid
12.6-2-1;Piirkondade terviklik ja tasakaalustatud areng prioriteetse suuna dokumendid
7.1-9-1;Majanduslepingud
9.2-2-1;Päästeala küsimustega seotud dokumendid
2-1-3;Regionaalala seaduseelnõud ja kooskõlastused
1.1-10-6;Maakondliku arendustegevuse programmi hindamiskomisjoni dokumendid
1.2-16-1;Üldosakonna kirjavahetus avaliku arhiiviga
3.4-4-2;Valitsemisala ametikohtade täitmiseks väljakuulutatud avalike konkursside ja ametnike atesteerimisega seotud kirjavahetus
2-1-5;Sisejulgeoleku alased seaduseelnõud ja kooskõlastused
9.2-10;Üldine kriisireguleerimisalane kirjavahetus
10-3;Rahvastikuregistri arenduse dokumendid 
12.2-4-3;Muud sisemaised regionaalarengu programmide ja -meetmete dokumendid
12.2-3-8/CB8;EUNECBAC
12.6-2-2;Keskkonna hädaolukordadeks valmisoleku parandamine meetme dokumendid
10.1-3;Lepingud rahvastiku registri lepinguliste töötlejatega
10.2-1-2;Ees- ja perekonnanime või isikunime andmise toimik
2-7;Kirjavahetus asutustega õigusteeninduse küsimustes
5.1-5;Eesti-Ðveitsi koostööprogrammi dokumendid
2-4-2;Kirjavahetus Vabariigi Valitsusega, teiste juriidiliste ja füüsiliste isikutega
14-10.8;Perekonnaseisuandmete sisestamine rahvastikuregistrisse digiteeritud perekonnaseisuaktidelt
2-1-5;Sisejulgeoleku alased seaduseelnõud ja kooskõlastused
5.2-2-4;Kutsed välisüritustele
2-3;Kohtuasjadega seotud dokumendid
13-6;Kodanike ja -ühenduste avaldused, ettepanekud ja teabenõuded
3.1-3-1;Siseministri puhkuste ja lähetuste käskkirjad
3.5-1-2;Ametkondliku ergutamise taotlused ja nende juurde kuuluvad dokumendid
10.2-1-2;Ees- ja perekonnanime või isikunime andmise toimik
1.1-1-1;Kirjavahetus KMAga
1-3;Kantsleri üldkäskkirjad
1.1-3-1;Siseministri käskkiri (üksikküsimuses-L)
12.5-2-4;Kirjavahetus MV sotsiaalhoolekande- ja tervishoiualaste ülesannete täitmise küsimutes
7.1-1-1;Arengukava ja tegevuskava finantsplaan
2-3;Kohtuasjadega seotud dokumendid
6.2-3-1;Visuaalse identiteedi väljatöötamise dokumendid
11-3-1;Legaalse ja illegaalse rändega seotud dokumendid
12.5-2-2;Kirjavahetus maavalitsuste tegevuse üldküsimustes
13-1;Üleriigilise planeeringu dokumendid
3.1-1-2;Regionaalministri personalikäskkirjad
3.5-2;Kirjavahetus ergutamise küsimustes
10.2-5;Välisriigi apostilliga kinnitamist tõendavad dokumendid
1-19;Komisjonide ja töögruppide dokumendid
7.2-9-4;Kirjavahetus volitatud asutustega (kinnisvara)
3.1-1-1;Siseministri personalialased käskkirjad
7.1-2-1;Raamatupidamisalane kirjavahetus
8-4;Kirjavahetus infotehnoloogia, side- ja valvetehnika üldistes küsimustes
5.1-2-3;Vastused järelepäringutele ja küsimustikele
3.1-12-1;Kirjavahetus personalialastes küsimustes kodanikega
1.2-6;Riigisaladusega seotud kirjavahetus
4.2-4-2;Teenistusliku järelevalve alane kirjavahetus
2-4-6;Kirjavahetus kodakondsust ja migratsiooni puudutavates õigusküsimustes
10.1-5-2;Kirjavahetus isikutega
2-1-6;Sisejulgeoleku alased õigusaktid ja kooskõlastused
3.3-2-1;Kirjavahetus koolitusküsimutes
2-1-2;Kodakondsus- ja migratsioonalased õigusaktid ja kooskõlastused
10.1-3;Lepingud rahvastiku registri lepinguliste töötlejatega
7.2-4-1;Kirjavahetus riigivara andmete registreerimise küsimustes
10-6;Isikunimekomisjoni dokumendid
10-2;Juhendid perekonnaseisuasutustele ja registripidajatele
11-2-1;Isikut tõendavate dokumentide väljaandmise kavandamise ja koordineerimisega seotud dokumendid
3.1-11;Kirjavahetus personalialastes küsimustes
9.1-4-1;Korrakaitse valdkonna dokumendid
7.1-14;Majanduslepingud
1.2-6;Riigisaladusega seotud kirjavahetus
9.1-1;Kirjavahetus sisejulgeoleku üldistes küsimustes
2-1-9;Õigusaktide eelnõud ja kooskõlastused üldistes küsimustes
3.1-1-2;Regionaalministri personalikäskkirjad
3-1/2010;Siseministri personalikäskkiri
12.2-3-20;EL struktuuriabi projekti Kohaliku omavalitsuse infosüsteemide turvameetmete tõhustamise - ISKE dokumendid
12.1-3-5;Kirjavahetus kodanikeühendustega seotud küsimustes
12.2-3-9/TA;Eesti-Läti CBC programm 2007-2013 (tehnilise abi) dokumendid
5.2-1-1;Siseküsimuste alane kirjavahetus välisriikide ja rahvusvaheliste organisatsioonidega
5-1/2010;Euroopa Liidu Nõukogu ja Euroopa Komisjoni otsustusprotsessi dokumendid
6.1-3;Kodulehekülje haldamise dokumendid
12.2-3-9/3;Increasing teh attractiveness of Valga-Valka
11-1-1;Kodakondsuspoliitika alased töökavad, ülevaated, jmt
12-4;Kohanimenõukogu dokumendid
5.2-2-1;Siseküsimuste alane kirjavahetus välisriikide asutuste ja rahvusvaheliste organisatsioonidega
9.2-3-1;Riikliku hädaolukorra riskianalüüsi puudutavad dokumendid
1-2-1;Siseministri üldkäskkirjad
9.1-7;Kodanike sisejulgeolekualased avaldused ja märgukirjad
10.1-5-2;Kirjavahetus isikutega
12.1-3-6;Kirjavahetus kohalike omavalitsuste tegevuse üldküsimustes
3.1-1-1;Siseministri personalialased käskkirjad
12.5-1;Regionaalhalduse dokumendid
13-6;Kodanike ja -ühenduste avaldused, ettepanekud ja teabenõuded
4.1-2-2;Auditi lõpparuanded
10.1-5-1;Kirjavahetus asutustega
7.1-9-2;Põhivara arvelevõtmise, üleandmise-vastuvõtmise ja mahakandmise aktid
3.1-2-1;Siseministri käskkiri (personal-pl)
7.1-1-5;Eelarve muudatused
11-1-1;Kodakondsuse küsimustega seotud dokumendid
12.5-2-2;Kirjavahetus maavalitsuste tegevuse üldküsimustes
3.1-11;Kirjavahetus personalialastes küsimustes
2-9/2010;Riigisaladusega seotud kirjavahetus
7.1-1-4;Eelarve kujudamise ja jaotusega seotud dokumendid
7.1-14;Majanduslepingud
12.1-4-1;Väikesaarte komisjoni dokumendid
3-13;Tööõnnetusaktid, seletuskirjad ja teised dokumendid
1.2-2-2;Teabenõuded ja vastused
9.3-5;Teabe kogumise ja töötlemise alane üldine kirjavahetus
13-3;Linnade ja valdade planeeringualane kirjavahetus
7.2-9-5;Kirjavahetus teiste asutustega (kinnisvara)
2-4-4;Kirjavahetus asutustega sisejulgeolekut puudutavates õigus(loome) küsimustes
12.6-1;Eesti Riikliku Arengukava 2004-2006 meetme 4.6 dokumendid
3.1-2-1;Siseministri käskkiri (personal-pl)
1-2-1;Ministri käskkirjad
12.1-3-5;Kirjavahetus kodanikeühendustega seotud küsimustes
1.2-10-3;Raamatupidamise garantiikirjad
13-2;Maakonnaplaneeringute järelevalve dokumendid
1.1-2-3;Kantsleri üldkäskkiri (põhitegevust korraldav)
9.1-6-1;Päästeala küsimustega seotud dokumendid
2-1-1;SIM algatatud ja esitatud seaduseelnõud ja kooskõlastused
12.2-3-9;Eesti-Läti CBC programm 2007-2013 dokumendid
1.2-11-1;VV istungi protokollid
12.6-3;Inimressursi arendamise rakenduskava 2007-2013 meetmete dokumendid
12.2-2-2;Elukeskkonna arendamise rakenduskava 2007-2013 dokumendid
7.1-2-2;RAK-i maksetaotlused
2-4-2;Kirjavahetus asutustega õigusloome küsimustes
14-5.8;URBACT programm 2007-2013 dokumendid
12.1-2;KOV arengukavade ja arendustegevuse alane kirjavahetus
1.2-11-3;VV korraldused
7.1-9-2;Lepingud füüsiliste isikutega
1.1-13;Strateegia, arengukava koostamise alusdokumendid
9.1-5-1;Piirivalvealaste küsimustega seotud dokumendid
3.3-2-1;Kirjavahetus koolitusküsimutes
12.1-3-6;Kirjavahetus kohalike omavalitsuste küsimustes
2-1-9;Siseministri poolt esitatud kodakondsus- ja migratsioonialased õigusaktid ja kooskõlastused
3.1-2;Kantsleri personalialased käskkirjad
3.5-1-1;Riiklike teenetemärkide taotlused ja nende juurde kuuluvad dokumendid
1.1-13;Strateegia, arengukava koostamise alusdokumendid
11-2-1;Kodakondsuspoliitikat ja välismaalasi puudutav kirjavahetus asutustega
2-1-6;Siseministri algatatud ja esitatud sisejulgeoleku alased seaduseelnõud ja kooskõlastused
2-2-2;Regionaalministri kooskõlastamiseks saadetud eelnõud
2-4-6;Kirjavahetus kodakondsust ja migratsiooni puudutavates õigusküsimustes
2-4-2;Kirjavahetus asutustega õigusloome küsimustes
1.1-2-3;Kantsleri üldkäskkiri (põhitegevust korraldav)
2-1-1;SIM algatatud ja esitatud seaduseelnõud ja kooskõlastused
12.2-4-9;Kihnu regionaalprogrammi dokumendid
2-1-8;Personali- ja koolitusalaste õigusaktide eelnõud ja kooskõlastused
2-12/2010;Relvaloa taotlused
10.2-1-3;Isikunimekomisjoni dokumendid
3.1-2;Kantsleri personalialased käskkirjad
12.2-3-9/9;Stende-Võhma
9.1-4-2;Piirivalvestruktuuride alalise valmisoleku alane kirjavahetus
1-2;Ministri üldkäskkirjad
7.1-9-2;Töövõtulepingud
2-4-2;Kirjavahetus Vabariigi Valitsusega, teiste juriidiliste ja füüsiliste isikutega
7.2-1-1;Riigivara võõrandamise dokumendid
3-6;Tööleping
12.2-4-1;Regionaalarengu programmidega seotud kirjavahetus
12.1-3-3;Kirjavahetus asutustega omavalitsuste küsimustes
4.1-1/163A;EL vahenditest rahastatud projekti kuludokumentide audit
9.1-2-1;SIM kriisireguleerimismeeskonna kirjavahetus
14-10.5;"Projekti ""Uuring ""Esmaste kustutusvahendite eluruumides kohustusliku kasutamise mõjude hindamine"""""
7.1-1-7;Taotlused VV reservist
7.2-2;Detailplaneeringute, projekteerimiste ja ehitiste renoveerimise dokumendid
5.2-2-1;Siseküsimuste alane kirjavahetus välisriikide asutuste ja rahvusvaheliste organisatsioonidega
1.2-11-3;VV korraldused
12.2-1-1;Regionaalsed arengukavad
10.1-2-1;Euroopa Liidu parlamendi valimiste dokumendid
1.1-8-1;Välisriigi organisatsiooniga sõlmitud koostööleping/protokoll
12.5-2-1;Kirjavahetus regionaalhalduse üldküsimustes
1.1-8-1;Välisriigi organisatsiooniga sõlmitud koostööleping/protokoll
7.2-4-2;Kirjavahetus riigivara andmetes muudatuste tegemise kohta
13-7;Üldine planeeringualane kirjavahetus
13-1;Üleriigilise planeeringu dokumendid
1-10/2010;Koostöölepingud ja protokollid
10.2-6;Perekonnaseisutunnistuste sissetuleku ja kulutamise aruanne
9.2-1-2;VV kriisikomisjoni teenindamisega seotud dokumendid
10-8/2010;Rahvastikuregistri järelevalve dokumendid
3.1-1-2;Kantsleri käskkirjad
5.1-3-1;EL-alane kirjavahetus asutustega
3.5-1-1;Riiklike teenetemärkide taotlused ja nende juurde kuuluvad dokumendid
11-4-1;Viisa küsimustega seotud dokumendid
9.1-3-4;Teabeameti nädalaülevaated
11-4-2;VIS töörühma dokumendid ja protokollid
10-4/2010;Rahvastikuregistri andmete täiendamise avaldused
12.2-1;Regionaalarengu dokumendid
14-11;Eesti Riikliku Arengukava 2004-2006 dokumendid
14-6.2;Norra ja EMP finantsmehhanismi projektide dokumentatsioon
11-5/2010;Tähtajalise elamis- ja tööloa siseriiklikult taotlemise lubamisega seotud dokumendid
9.1-3-3;Terrorismivastase tegevusega seotud dokumendid
12.6-4-2;Struktuuritoetuste 2007-2013 lepingud
11-4-2;VIS töörühma dokumendid ja protokollid
2-2-2;Regionaalministri kooskõlastamiseks saadetud eelnõud
1.2-11-2;VV määrused
12.6-4-2;Struktuuritoetuste 2007-2013 lepingud
12.2-1-3;Kirjavahetus regionaalarengu küsimustes asutuste ja isikutega
9.1-4-3;Julgestustegevuse valdkonna dokumendid
9.1-5-5;Teabeameti nädalaülevaated
10.2-3-1;Asutuse taotlus perekonnaseisudokumentide saamiseks
3.1-12-2;Kirjavahetus personalialastes küsimustes asutustega
2-1-1;SIM algatatud ja esitatud seaduseelnõud ja kooskõlastused
1.1-8-2;Siseriiklik koostööleping/protokoll
3-10/2010;Personalitöö nõupidamise/koosoleku dokumendid
9.2-5-4;Ministeeriumide riigi tegevusvaru aruanded
5.1-3-2;Naasmisfondi alased dokumendid
1.2-1;Arhivaalide loetelud
1.2-10-3;Raamatupidamise garantiikirjad
9.3-4;Teabe edastamisega seotud dokumendid
12.2-3-8;Kesk-Läänemere CBC programm 2007-2013 dokumendid
3.1-1-1;Siseministri personalialased käskkirjad
9.1-6;NATO-alane kirjavahetus
7.1-14;Majanduslepingud
3.2-5;Kirjavahetus sotsiaal- ja tervishoiu küsimustes
2-1-6;Sisejulgeoleku alased õigusaktid ja kooskõlastused
10.2-3-1;Asutuse taotlus perekonnaseisudokumentide saamiseks
7-9/2010;Vara soetamise ja teenuste hinnapakkumised
5.2-1-1;Siseküsimuste alane kirjavahetus välisriikide ja rahvusvaheliste organisatsioonidega
1.2-6;Riigisaladusega seotud kirjavahetus
7.2-8-4;Kirjavahetus teiste volitatud asutustega (vallasvara)
8-1;Andmekogude/põhiregistri alg- ja põhidokumendid projektide lõikes
2-2;Teiste ministeeriumite poolt kooskõlastamiseks saadetud eelnõud
13-4;Rahvusvaheline planeeringualane kirjavahetus
11-1-1;Kodakondsuspoliitika alased töökavad, ülevaated, jmt
14-5.7;INTERACT programm 2007-2013 dokumendid
12.1-4-4;VV ja kodanikeühenduste esindajate ühiskomisjoni dokumendid
7.1-13;Majanduslepingud
13-1;Üleriigilise planeeringu dokumendid
1.1-12-1;Sisejulgeoleku ühendasutuse loomise dokumendid (kirjavahetus, protokoll, memo jne)
12.2-3-9/7;Cultural Cooperation for Intermediates
12.2-3-8;Kesk-Läänemere CBC programm 2007-2013 dokumendid
3.1-1-2;Regionaalministri personalikäskkirjad
9.1-3-1;Julgeolekualaste üldiste küsimustega seotud dokumendid
2-1-8;Personali- ja koolitusalaste õigusaktide eelnõud ja kooskõlastused
1-12;Struktuuri ja koosseisude planeerimise dokumendid
12.4-2;Kohanimekorraldusega ning kohanimenõukogu teenindamisega seotud kirjavahetus
1-2-1;Siseministri üldkäskkirjad
10.2-4;Apostilliga kinnitatud dokumentide saamiseks esitatud dokumendid, avaldused
7.3-3;Kirjavahetus riigihangete küsimustes
3-18;Konkursi- ja atesteerimiskomisjoni käskkirjad
10.2-3-1;Asutuse taotlus perekonnaseisudokumentide saamiseks
1.1-10-1;RAK meetme 4.6 'Kohalik sotsiaal-majanduslik areng' hindamiskomisjoni dokumendid
12.2-2;Regionaalarengut puudutav üldine kirjavahetus
5.1-3-1;Euroopa Pagulasfondi alased dokumendid
9.1-5-1;Piirivalvealaste küsimustega seotud dokumendid
3-14;Töötaja tervisekontrolli dokumendid
12.2-4-3;Muud sisemaised regionaalarengu programmide ja -meetmete dokumendid
4.1-2;Juhtkonnale esitatud siseauditi ettekanne, memo, õiend
2-2-6;Kooskõlastamiseks saadetud dokumendihaldusalased eelnõud
10.1-3;Lepingud rahvastiku registri lepinguliste töötlejatega
7.3-2;Infotehnoloogia alaste hangete avalike konkursside korraldamise dokumendid
12.2-4-1;Sisemaiste regionaalarengu programmide alased dokumendid
7.1-4-2;Pangadokumendid (siselähetuse taotlused)
3.4-4;Atesteerimisalane kirjavahetus
1.1-8-2;Siseriiklik koostööleping/protokoll
12.2-3-9/5;Sportborder
10.2-1-6;Ees-ja perekonnanime muutmise toimik
1.1-8-2;Siseriiklik koostööleping/protokoll
10.1-4-5;Digiteeritud perekonnaseisuaktide registrisse sisestamise projekti dokumendid
11-5;Isikute kodakondsus- ja migratsioonialased avaldused ja märgukirjad
11-5;Isikute kodakondsus- ja migratsioonialased avaldused ja märgukirjad
1.1-1-6;Kirjavahetus PÄAga
12.2-1-2;Regionaalarengu ja -poliitikaalane kirjavahetus
11-3-1;Legaalse ja illegaalse rändega seotud dokumendid
12.2-3-9/8;AHU
1-2;Ministri üldkäskkirjad
2-1-4;Regionaalala õigusaktid ja kooskõlastused
2-1-1;Kodakondsus- ja migratsioonialased seaduseelnõud ja kooskõlastused
2-3;Kohtuasjadega seotud dokumendid
3.4-1-1;Konkursi- ja atesteerimiskomisjoni käskkirjad
13-3;Linnade ja valdade planeeringualane kirjavahetus
12.2-4-8;Hajaasustuse elektriprogrammi dokumendid
11-2-1;Kodakondsuspoliitikat ja välismaalasi puudutav kirjavahetus asutustega
3.1-6;Ametnike teenistuslehed
1.1-12-1;Sisejulgeoleku ühendasutuse loomise dokumendid (kirjavahetus, protokoll, memo jne)
1.2-1-2;Riigikogu liikmete arupärimised ja kirjalikud küsimused
12-5/2010;Kohanimekorraldusega seotud dokumendid
9.1-2-1;SIM kriisireguleerimismeeskonna kirjavahetus
12.2-3-8/CB6;INTRO PRACTICE
12.2-3-18;EL struktuurabi projekti Kohalike omavalitsust universaalse teenuse portaali juhtrühma dokumendid
2-2-5;Kooskõlastamiseks saadetud infotehnoloogia ja sidealased eelnõud
9.1-3-1;Julgeolekualaste üldiste küsimustega seotud dokumendid
14-10.12;"Projekt ""Valitsusasutuste kaasamisvõimekuse tõstmine"""
11-3-2;Varjupaiga küsimustega seotud dokumendid
9.1-5-2;Otsingu- ja päästetööde ning reostustõrjega seotud dokumendid
7.1-1-5;Kirjavahetus SIM valitsemisala asutustega
10.1-1-2;Volitatud töötlejate lepingud ja aruanded
3-18/2010;Konkursi- ja atesteerimiskomisjoni dokumendid
4.1-3;Siseauditi tegevusaruanne, kirjavahetus
1-3;Kantsleri üldkäskkirjad
12.2-5-2;Miniseeriumidevahelise Eest-Läti piiriülese koostöö komisjoni dokumendid
7.3-3;Kirjavahetus riigihangete küsimustes
4.1-3;Siseauditi tegevusaruanne, kirjavahetus
1.1-10-1;RAK meetme 4.6 Kohalik sotsiaal-majanduslik areng hindamiskomisjoni dokumendid
12.5-1;Regionaalhalduse dokumendid
9.2-6-2;Eesti elutähtsat infrastuktuuri puudutavad dokumendid ja üldine kirjavahetus elutähtsa infrastrukuuri teemal
1-11/2010;Tegevusaruanded ja ülevaated
5.2-2-4;Kutsed välisüritustele
11-3-1;Legaalse ja illegaalse rändega seotud dokumendid
3.5-2;Kirjavahetus ergutamise küsimustes
10.2-3-3;Kirjavahetus asutustega perekonnaseisualastes küsimustes
12.2-3-11/10;NEW BRIDGES
12.2-3-9/14;One vacation  Two countries
3.1-6;Tööleping
12.2-3-19;EL struktuurabi projekti Kohalike omavalitsust Volikogu/Valitsuse infosüsteemi VOLIS juhtrühma dokumendid
12.1-2;KOV arengukavade ja arendustegevuse alane kirjavahetus
11-3-2;Varjupaiga küsimustega seotud dokumendid
3.1-9;Kirjavahetus personalialastes küsimustes
7.2-6-1;Kirjavahetus ja memod üldistes küsimustes
1.1-10-1;RAK meetme 4.6 Kohalik sotsiaal-majanduslik areng hindamiskomisjoni dokumendid
5.1-3-1;EL-alane kirjavahetus asutustega
12.2-1-3;Kirjavahetus regionaalarengu küsimustes asutuste ja isikutega
7.1-9-5;Struktuuritoetuste 2007-2013 majanduslepingud
12.2-1-2;Regionaalarengu ja -poliitikaga seotud dokumendid
2-1-4;Regionaalala õigusaktid ja kooskõlastused
12.2-1-4;Kirjavahetus maavanemate ja maavalitsustega regionaalarengu küsimustes
12.2-3-13;INTERACT programmi 2007-2013 dokumendid
12.2-3-2;Lõuna-Soome ja Eesti INTERREG IIIA programmi 2000-2006 dokumendid
5.2-2-2;Siseküsimuste alane kirjavahetus Eesti asutustega s.h. Eesti esindustega välisriigis
4.1-1/177A;Ametisõidukite kasutamine Politseiameti, Päästeameti ning Piirivalveameti haldusalades
10.3-3-4;Kirjavahetus üldistes usuelu küsimustes
3.5-2;Kirjavahetus ergutamise küsimustes
3.1-10;Personaliarvestuse dokumendid
10.3-3-2;Kirjavahetus koguduste liitude ja nende allasutustega
3.1-2-3;Kantsleri käskkiri (personal-pl)
11-7;Tähtajalise elamis- ja tööloa siseriiklikult taotlemise lubamisega seotud dokumendid
1.1-2-1;Kodanike avaldused ja märgukirjad
12.5-2-1;Kirjavahetus regionaalhalduse üldküsimustes
12.2-1-3;Kirjavahetus regionaalarengu küsimustes asutuste ja isikutega
5.1-4;Sisejulgeolekualase välisabi üldised dokumendid
1.2-11-2;VV määrused
3.1-9;Töölepingud
5.2-1-3;Siseküsimuste alane kirjavahetus asutustega s.h Eesti saatkondadega välisriikdies
7.1-1-4;Muu kirjavahetus eelarve kujudamise ja jaotusega seotud küsimustes
7.1-1-7;Taotlused VV reservist
4.1-1/130A;2006 majandusaasta aruande finantsaudit
3.3-2-1;Kirjavahetus koolitusküsimutes
3.5-3;Politsei teeneteristi komisjoni dokumendid
7.2-1-3;Kinnisvara mahakandmise aktid ja selle juurde kuuluvad dokumendid
1-17-1;VV Kriisikomisjoni dokumendid
12.2-3-14;URBACT programm 2007-2013 dokumendid
12.6-4-1;Struktuuritoetuste 2004-2006 lepingud
5.1-6;Phare ja EL Üleminekutoetuse projektidega seotud dokumendid
5.1-7;Sisejulgeolekualase välisabi dokumendid
10.1-1-1;Maavalitsuste lepingud ja aruanded
9.1-2-1;Sisejulgeoleku strateegilise planeerimise alusdokumendid
10.2-1-2;Ees- ja perekonnanime või isikunime andmise toimik
10.1-2-3;Kohaliku omavalitsuse volikogu valimiste dokumendid
7.2-4-3;Kirjavahetus riigivara registrist väljaarvamise kohta
11-5;Isikute kodakondsus- ja migratsioonialased avaldused ja märgukirjad
11-2-1;Isikut tõendavate dokumentide väljaandmise kavandamise ja koordineerimisega seotud dokumendid
2-2-8;Kooskõlastamiseks saadetud personalialased eelnõud
1.1-15;Tööplaani alusdokumendid
5.1-6;Üleminekutoetuse projektidega seotud dokumendid
7.1-2-1;Raamatupidamisalane kirjavahetus
8-2-1;Operatiivraadioside projekti ORS dokumendid
7.3-3;Kirjavahetus riigihangete küsimustes
10.1-4;Riigieelarveväliste projektide dokumendid (projektide lõikes)
9.1-5-1;Kirjavahetus sisejulgeoleku üldistes küsimustes
1.1-6;Riigisaladusega seotud kirjavahetus
12.2-1-1;Regionaalsed arengukavad
12.2-5-3;Setomaa asjatundjate komisjoni dokumendid
5.2-2-4;Kutsed välisüritustele
10.3-1;Vaimulikele abielusõlmimise õiguse andmise dokumendid
10.2-1-6;Ees-ja perekonnanime muutmise toimik
5.2-2-2;Siseküsimuste alane kirjavahetus Eesti asutustega s.h. Eesti esindustega välisriigis
5.1-3-4;Välispiirifondi alased dokumendid 2007-2013
12.6-4;Eesti Riikliku Arengukava 2004-2006 ja rakenduskava 2007-2013 struktuurvahendite tehnilise abi dokumendid
11-4-2;VIS töörühma dokumendid ja protokollid
1.1-10-16;Nõuete lootusetuteks tunnistamise komisjoni dokumendid
5.1-2-1;Riigisisesed otsustusprotsessi dokumendid
10.2-3-2;Isiku avaldus perekonnaseisutunnistuse, tõendi ja ärakirja saamiseks
12.2-2-3;Norra ja EMP finantsmehhanismidega seotud dokumendid
11-2-2;Biomeetria töörühma dokumendid ja s.h. protokollid
1.2-10-2;Relva ja laskemoona vedamise ja soetamise dokumendid
7.1-14;Majanduslepingud
11-1-2;Eriliste teenete eest Eesti kodakondsuse saamisega seotud dokumendid
7.1-14;Majanduslepingud
1-2-2;Regionaalministri üldkäskkirjad
2-7;Kirjavahetus asutustega õigusteeninduse küsimustes
12.2-3-2/114360;Kutsekvalifikatsioonieksamite ja nende sooritusvõimaluste arendamine Tallinna ja Helsingi piirkonnas (HETA)
12.6-3-1;Eesti regioonide majandusstruktuuri muutuste prognoos
5.1-2-1;EL Nõukogu, sh justiits- ja siseküsimuste istungite seisukohtade ja aruandluse alased dokumendid
10.3-3-4;Kirjavahetus üldistes usuelu küsimustes
10.2-1-6;Ees-ja perekonnanime muutmise toimik
12.6-2-3;EARK meetme Piirkondade konkurentsivõime tugevdamine komisjoni dokumendid
9.1-5-5;Teabeameti nädalaülevaated
11-1-2;Eriliste teenete eest Eesti kodakondsuse saamisega seotud dokumendid
9.2-5-1;Riigi tegevusvaru moodustamise kavaga seotud dokumendid
12.2-3-1;INTERREG 2000-2006 ja Euroopa territoraalse koostöö 2007-2013 programmide alane kirjavahetus
5.1-5;Merereostuse ja hädaolukordadeks valmisoleku meede
9.2-2-2;Juhised ministeeriumitele
12.6-1;Eesti Riikliku Arengukava 2004-2006 meetme 4.6 dokumendid
1-3;Kantsleri üldkäskkirjad
12.2-3-4/70018;BalticBroadband
2-2-3;Kooskõlastamiseks saadetud kodakondsus- ja migratsioonialased eelnõud
12.1-1;Riigi kohaliku omavalitsuse tegevuse analüüsid, kavad
5.1-6;Kirjavahetus ELga sisejulgeoleku küsimustes
2-1;Ministeeriumi poolt loodud õigustloovate aktide eelnõud ja kooskõlastused
5.2-1-2;Schengen Facility vahendite kasutamisega seotud kirjavahetus
12.6-2;Elukeskkonna arendamise rakenduskava 2007-2013 dokumendid
4.1-1/135A;Struktuurfondide meetme 4.6 vahenditest rahastatud projekti kuludokumentide audit (Põdrala Vallavalitsus)
7.1-11-1;Nõuete lootusetuks tunnistamise komisjoni dokumendid
1-5-1;Välisriikide organisatsioonidega sõlmitud koostöölepingud, -kokkulepped, konventsioonid
9.1-5;Kirjavahetus julgeoleku küsimustes
12.2-3-12;INTERREG IVC programmi 2007-2013 dokumendid
12.3-1;Haldusterritoriaalse korralduse ja piiride muutmise dokumendid
7.3-4;Põhi- ja käibevara soetamise hinnapakkumised
12.2-2-1;Riikliku Arengukava 2004-2006 meede 4.6 dokumendid
12.3-1;Haldusterritoriaalse korralduse ja piiride muutmise dokumendid
5.1-5;Merereostuse ja hädaolukordadeks valmisoleku meede
12.5-2-2;Kirjavahetus maavalitsuste tegevuse üldküsimustes
12.2-1-4;Kirjavahetus maavanemate ja maavalitsustega regionaalarengu küsimustes
1.1-10-6;Maakondliku arendustegevuse programmi hindamiskomisjoni dokumendid
8-2-2;Operatiivraadioside opereerimise alased dokumendid
10.1-1-2;Volitatud töötlejate lepingud ja aruanded
9.1-2-2;Kriisireguleerimisalased dokumendid
1.2-1-2;Riigikogu liikmete arupärimised ja kirjalikud küsimused
1.1-1-1;Kirjavahetus KMAga
1.1-1-7;Kirjavahetus asutustega üldistes küsimustes
12.2-3-11;Läänemerepiirkonna TNC programm 2007-2013 dokumendid
2-2-5;Kooskõlastamiseks saadetud infotehnoloogia ja sidealased eelnõud
1.1-10-6;Maakondliku arendustegevuse programmi hindamiskomisjoni dokumendid
12.2-4-6;Regionaalsete kolledþite programmi dokumendid
7.1-1-1;Eelarve koostamise algdokumendid
2-1-2;SIM poolt esitatud õigusaktid ja kooskõlastused
12.6-3-1;Eesti regioonide majandusstruktuuri muutuste prognoos
7.1-1-1;Eelarve koostamise algdokumendid
12.2-4-5;Hasartmängumaksust regionaalsete investeeringute programmi dokumendid
3.3-3-1;Sisekaitseakadeemiat puudutava komisjoni dokumendid
1.2-3-1;Üldosakonna kirjavahetus avaliku arhiiviga
3.5-2;Kirjavahetus ergutamise küsimustes
8-4;Kirjavahetus infotehnoloogia, side- ja valvetehnika üldistes küsimustes
7.2-9-4;Kirjavahetus volitatud asutustega (kinnisvara)
1.2-3-1;Üldosakonna kirjavahetus avaliku arhiiviga
1.1-1-10;Riigivaraosakonna kirjavahetus üldistes küsimustes
7.2-2-1;Keldrikorruse täitedokumendid (teistusjoonised, asendiplaan)
4.1-5-2;Siseauditi alane kirjavahetus
1-2-3;Kantsleri käskkirjad
7.1-1-4;"Kirjavahetus valitsusasutustega (VV;RK;RM)"
2-3;Kohtuasjadega seotud dokumendid
10.1-5-2;Üldine rahvastiku arvestusealane kirjavahetus
10.1-4;Rahvastikuregistrist andmete väljastamiseks esitatud taotlused ja nende juurde kuuluvad dokumendid s.h otsused
9.1-2-3;Riigireservialane kirjavahetus
11-2-1;Kodakondsuspoliitika ja välismaalasi puudutav kirjavahetus asutustega
7.2-8-1;Kirjavahetus PVAga (vallasvara)
7.2-4-2;Kirjavahetus riigivara andmetes muudatuste tegemise kohta
4.1-5-2;Siseauditi alane kirjavahetus
10.2-3-2;Perekonnaseisuaktide kuuaruanded
5.1-3-1;Eurointegratsioonialane kirjavahetus asutustega
7.2-9-5;Kirjavahetus teiste asutustega (kinnisvara)
7.1-1-5;Kirjavahetus SiM valitsemisala asutustega
7.2-9-3;Kirjavahetus riigivara registriga (kinnisvara)
5.1-4-3;Kirjavahetus valitsemisala asutustega
11-1-2;Välismaalste poliitika alased töökavad, ülevaated jmt
12.2-3-1;Regionaalarengu programmidega seotud kirjavahetus
7.2-8-3;Kirjavahetus PÄAga (vallasvara)
3.3-4;Koolitusalane kirjavahetus
5.2-2-1;PHARE projektidega seotud kirjavahetus
7.2-8-5;Kirjavahetus teiste riigivara valitsejatega (vallasvara)
12.1-3-7;Kirjavahetus Riigikantseleiga
5.2-2-4;Kirjavahetus asutustega s.h. Eesti saatkondadega välisriikides
11-1-1;Kodakondsuspoliitika alased töökavad, ülevaated, jmt
2-2;Teiste ministeeriumite poolt kooskõlastamiseks saadetud eelnõud
7.1-1-1;Eelarve projektid
1-10-3;Riigivaraosakonna komisjonide ja töörühmade dokumendid
9.1-4-1;Politseistruktuuride alalise valmisoleku alane kirjavahetus
1-9-4;Asekantslerite kirjavahetus
12.1-3;Kirjavahetus kohalike omavalitsuste tegevuse küsimustes
9.1-5;Kirjavahetus sisejulgeoleku üldistes küsimustes
11-1-7;Viisa pikendamise taotlused
1-10-2;VV Kriisikomisjoni protokollid
10.2-2-2;Perekonnaseisuaktide kuu ja tunnistuste aasta aruanded
10.2-4-1;Perekonnaseisu tõendavate tunnistute sissetuleku-väljamineku registreerimisraamat
10.2-7;Kirjavahetus perekonnaseisualastes küsimustes
5.1-3-4;Phare CBC programmialane kirjavahetus
7.1-5-1;Raamatupidamisalane kirjavahetus
5.2-2-3;Kirjavahetuse välisriikidega ja välisriikide saatkondadega
7.1-1-6;Kirjavahetus teiste asutustega
7.2-9-2;Kirjavahetus PAga (kinnisvara)
11-2;Kodakondsuse- ja välismaalaste poliitikaga seotud kirjavahetus
5.2-2-5;Kirjavahetus rahvusvaheliste organisatsioonidega
3.1-2-4;Välislähetusaruanded
2-4;Kirjavahetus õigusalastes küsimustes
1.1-1-8;Kirjavahetus asututsega üldistes küsimustes
7.1-6;Raamatupidamise dokumendid
12.2-1;Regionaalarengu dokumendid
12.1-3-3;Valla-ja linnasekretäride kutsekomisjoni teenindamisega seotud kirjavahetus
2-4-3;Kirjavahetus isikutega õigusloome küsimuses
9.1-2-2;Kriisireguleerimisalane kirjavahetus
10.3-1;Vaimulikele abielusõlmimise õiguse andmise alusdokumendid
7.2-9-4;Kirjavahetus volitatud asutustega (kinnisvara)
3.3-4-3;Väliskoolituse ja staþeerimise alane kirjavahetus
4.2-4-2;Teenistusliku järelevalve alane kirjavahetus
10.3-3-1;Kirjavahetus kirikute ja nende allasutustega
1.1-2-1;Isikute avaldused ja märgukirjad
4.2-2-2;Teenistusalaste juurdluste toimikud
12.1-1;Riigi kohaliku omavalitsuse tegevuse analüüsid, kavad
5.1-3-5;Bilateraalsete koostööprogrammide alane kirjavahetus
12.2-4-1;Regionaalarengu programmidega seotud kirjavahetus
1.1-1-9;AK Kirjavahetus üldistes küsimustes asutusesiseseks kasutamiseks
10.3-2;Riigi usuelu ülevaated ja analüüsid
5.1-3-3;Eurointegratsiooni ja läbirääkimistega seonduv kirjavahetus regionaalarengu küsimustes
12.4-1;Kohanimenõukogu dokumendid (protokollid,kirjavahetus)
7.2-4-1;Kirjavahetus riigivara andmete registreerimise küsimustes
3.1-2-3;Puhkuste ajakavad
1-9-3;Nõunike kirjavahetus
1-8-1;Kriminaalpreventsiooni Nõukogu töögrupi kirjavahetus
12.2-3-3;Üldine kirjavahetus regionaalarengu küsimustes asutuste ja isikutega
9.1-4-2;Piirivalvestruktuuride alalise valmisoleku alane kirjavahetus
12.1-3-4;Kirjavahetus asutuste ja isikutega kohalike omavalitsuste küsimustes
10.1-5-1;Kirjavahetus volitatud ja leinguliste töötlejatega
3.5-1-1;Riiklike teenetemärkide taotlused ja nende jurude kuuluvad dokumendid
12.1-3-2;Kirjavahetus maavalitsuste ja maavanematega
10.2-2-3;Perekonnaseisuaktide ja tunnistuste aastaaruanded
1.1-1-5;Kirjavahetus PAga
7.4-3;Kirjavahetus riigihangete küsimuses
10.3-3-4;Kirjavahetus üldistes usuasju puudutavates küsimustes
7.2-9-6;Riigivara pakkumised (kinnisvara)
12.3-1;Haldusterritoriaalse korralduse ja piiride muutmise dokumendid
1.1-1-6;Kirjavahetus PÄAga
7.4-1;Riigihangete konkursside dokumendid
7.2-9-1;Kirjavahetus PVAga (kinnisvara)
7.2-4-3;Kirjavahetus riigivara registrist väljaarvamise kohta
5.1-1-2;Kirjavahetus EL-ga sõlmitatavate kokkulepe küsimuses
1.1-1-4;Kirjavahetus PVAga
4.2-1-3;Kirjavahetus seoses ametnike majanduslike huvide deklaratsioonidega
12.2-4-3;Üldine kirjavahetus regionaalarengu küsimustes asutuste ja isikutega
5.2-1;Kokkulepete alane kirjavahetus
12.4-2;Kohanimekorraldusega seotud kirjavahetus
12.1-3-6;Kirjavahetus Riigikantseleiga
12.1-3-5;Kirjavahetus kodanike ühendustega kogukonna kaasamise küsimustes
5.1-1;ELga liitumise (III sammas) läbirääkimiste kokkulepped
10.2-2-1;Ametialased juhendid perekonnaseisu asutustele
6-5;Suhtekorralduse alane kirjavahetus
1.1-1-10;Riigikogu liikmete arupärimised ja kirjalikud küsimused
9.1-3;Sisejulgeoleku tagamise dokumendid
5.1-1-1;Euroopa Liiduga sõlmitud kokkulepped
5.1-3-2;Schengeni konvensiooniga seotud kirjavahetus
1-10-5;VV Kohanimenõukogu dokumendid
12.3-2;Kinnisomandi välismaalastele võõrandamise toatlused ja nende juurde kuuluvad dokumendid
7.2-8-4;Kirjavahetus teiste volitatud asutustega (vallasvara)
9.1-1-1;Kvartaalsed analüütilised ülevaated
5.2-2-6;Kohalike omavalitsuste teemaline kirjavahetus rahvusvaheliste organisatsioonidega
1-9-1;Siseauditi ja teenistusliku järelevalve teostamise plaanid
10.3-3-3;Kirjavahetus üksikkogudustega
1.2-3-1;Ministeeriumi arhiivi kirjavahetus avaliku arhiiviga
7.2-6-1;Kinnisvara rendilepingud
5.1-2-2;Ekspertgruppide kirjavahetus
1-8-4;Standardimiskomisjoni tööd puudutav kirjavahetus
8-3;Kirjavahetus infotehnoloogia, side- ja valvetehnika küsimustes
1.1-1-3;Kirjavahetus KAPOga
12.3-3-1;Haldusjaotusega seonduv kirjavahetus
5.1-4-2;ELga liitmise alane kirjavahetus
2-4-1;Kirjavahetus õigusloomet puudutavates küsimustes valitsemisala asutustega
10.3-3-2;Kirjavahetus koguduste liitude ja nende allasutustega
3.1-1-1;Ministri käskkirjad
1-6-1;Sisejulgeolekualased aasta ülevaated
12.2-4-4;Kirjavahetus maavanemate ja maavalitsustega regionaalarengu küsimustes
4.1-1;Siseauditi toimikud
7.1-5-3;Kirjavahetus AS Eesti Liisingukeskusega
1-7-2;Politsei arengukavad
3.1-2-2;Kantsleri käskkiri (puhkus, lähetus, distsiplinaarkaristus)
3.1-3;Ametnike teenistuslehed
3.4-1;Konkursi- ja atesteerimiskomisjoni dokumendid
12.2-4;Regionaalarengu puudutav kirjavahetus
5.1-3-6;Kohalike omavalitsustega seonduv eurointegratsiooni-teemaline kirjavahetus
5.2-2;Koostöö- ja välisabiprogrammidega seotud kirjavahetus
1.1-5;Riigisaladusega seotud kirjavahetus
9.2-2-2;Kirjavahetus kriminaalpreventsiooni küsimustes
3.4-1-3;Atesteerimislehed
3.2-1-1;Riskianalüüsid ja muud tööohutusealased dokumendid
5.2-2-2;PHARE justiits- ja siseküsimuste sektoriaalse järelvalve töögrupi teenindamisega seotud kirjavahetus
4.2-1-1;Majanduslike huvide deklaratsioonid
12.2-4-2;Riikliku arengukava koostamisega seotud kirjavahetus
8-1-1;Eesti kirikute, koguduste ja koguduste liitude register ja registreerimise alusdokumendid
1-10-4;VV regionaalpoliitika nõukogu dokumendid
3.3-3-1;Täiendkoolitusalane kirjavahetus
7.1-1-2;Eelarve eelnõud
12.1-3-1;Kirjavahetus omavalitsuste ja nende liitudega
3.3-3;Ministeeriumi ametnike koolitusplaanid
12.3-3-3;Halduskorralduse ja kohalike omavalitsuste ühinemisealane kirjavahetus
12.1-2;Koostöökogude ja komisjonide dokumendid
3.4-2;Avalike konkurssidega seotud kirjavahetus
12.2-4-6;Hasartmängumaksust toetuste andmise komisjoni kirjavahetus
12.2-4-5;Hasartmängumaksust toetuste andmise komisjoni kirjavahetus
7.2-8-2;Kirjavahetus PAga (vallasvara)
3.3-4-1;Personali koolitusalane kirjavahetus
12.3-3;Haldusterritoriaalse korraldusega seonduv kirjavahetus
7.1-5;Kirjavahetus raamatupidamise, finantseerimise ja krediteerimise küsimustes koos põhjenduste ja õienditega
12.2-3;Regionaalpoliitika nõukogu teenindamisega seotud kirjavahetus
3.1-5;Isikutoimikud
4.1-3-2;Riigikontrolli  ja Rahandusministeeriumi poolt läbiviidud auditid
7.4-4;Kirjavahetus koostööpartneritega (taotlused, teated jm)
4.1-3-1;Haludsala asutuste siseauditi aruanded
1.1-1-2;Kirjavahetus SKAga
10.2-4-3;Isikutele väljaantavate perekonnaseisutunnistuste registreerimisraamatud
11-1;Kodakondsuspoliitika ja välismaalastepoliitika koordineerimise dokumendid
1.1-1-7;Kirjavahetus Ettevõtluse Arendamise Sihtasutusega
4.1-4;Juhtkonnale esitatud siseauditi ettekanded, memod, õiendid
3.3-4-2;Eurokoolituse röörühma kirjavahetus
10.1-5;Kirjavahetus rahvastiku arvestuse küsimustes
10.1-2;Lepingud rahvastiku registri volitatud töötlejatega
11-1-4;Illegaalse immigratsiooni ja illegaalse töötamisega seotud töökavad, ülevaated jmt
7.2-3;Riigivara registreerimise kaardid. Registrist väljaarvatud riigivara dokumendid
1.1-2;Kirjavahetus seoses isikute, asutuste ja organisatsioonide avaldustele, märgukirjadele ja teabenõuetele vastamisega
1.1-1-7;Kirjavahetus asutustega üldistes küsimustes
7.2-9;Kinnisvaraga seonduv kirjavahetus
7.2-8;Vallasvaraga seonduv kirjavahetus
1.2-2;Arhiivinimistud ja muud kirjeldused
7.2-7;Riigivara registri õiendid
7.2-7-1;Kinnisvara õiendid
9.1-4-3;Päästestruktuuride alalise valmisoleku alane kirjavahetus
1.1-2-2;Sisejulgeoleku alased avaldused ja märgukirjad
6-4;Sümboolika väljatöötamise alane kirjavahetus
11-1-5;Välismaalste integreerimisega seotud töökavad, ülevaated jmt
7.1-6-1;Pangadokumendid
12.3-3-2;Asustusjaotusega seonduv kirjavahetus
3.1-6;Töölepingud
7.2-4-4;Vallasvaraga seonduv kirjavahetus
9.1-3-1;Maakondade riskianalüüsid
1.1-2-3;Siseauditi ja teenistusliku järelevalve alased avaldused ja märgukirjad
3.1-8;Välja võtmata tööraamatud
1.1-1;Kirjavahetus valitsemisala asutustega ja teiste riigiasutustega
5.1-2;EL ekspertgruppide dokumendid
1.2-5-1;Ministeeriumi arhiivi teatised ja kaaskirjad
9.1-4;Sisejulgeolekustruktuuride alalise valmisoleku koordineerimise alane kirjavahetus
4.2-4;Kirjavahetus teenistuliku järelvalve küsimustes, esildistes jmt
7.2-6-2;Vallasvara rendilepingud
1-7-4;Päästevaldkonna arengukavad
5.2-1-1;Rahvusvaheliste lepingute alane kirjavahetus
9.2-2;Kriminaalpreventiivse töö dokumendid
11-1-3;Pagulaspoliitika alased töökavad, ülevaated jmt
12.2-3-15;Euroopa territoriaalse koostöö (2007-2013) töörühma dokumendid
12.2-3-2/111019;Uusi elämä
12.1-1;Riigi kohaliku omavalitsuse tegevuse analüüsid, kavad
12.2-3-9/1;Esmatasandi kontroll
7.1-8-5;Ühekordsete väljamaksete taotlused
11-3-3;Sissesõidukeelu kohaldamise otsustamisega seotud dokumendid
12.2-3-1;INTERREG 2000-2006 ja Euroopa territoraalse koostöö 2007-2013 programmide alane kirjavahetus
1.1-1-5;Kirjavahetus PAga
12.1-4-1;Väikesaarte komisjoni dokumendid
12.2-3-9/11;Cultural Heritage
8-2-2;SiM valitsemisala infosüsteemide analüüsid
10.3-3-1;Kirjavahetus kirikute ja nende allasutustega
4.1-1-180A;Eesti-Läti Territoriaalse Koostöö Programmi süsteemi audit: Ühendatud Tehniline Sekretariaat
11-4-1;Viisapoliitika kujudamise ja elluviimisega seotud dokumendid
12.2-3-11/8;Baltic Master II
12.2-3-9/10;Back to Nature
12.2-3-8/SFE7;Lemon
1.2-11-2;VV määrused
10.3-3-4;Kirjavahetus üldistes usuelu küsimustes
7.2-13;Kiriku maade riigiomandisse jätmise ning hoonestusõiguse seadmise dokumendid
2-2-3;Kooskõlastamiseks saadetud kodakondsus- ja migratsioonialased eelnõud
1.2-10-3;Relva ja laskemoona vedamise ja soetamise dokumendid
12.2-3-12;INTERREG IVC programmi 2007-2013 dokumendid
3.2-5;Kirjavahetus tööohutuse ja -tervishoiu üldküsimustes
2-4-3;Kirjavahetus valitsemisala asutustega sisejulgeolekut puudutavates õigusloome küsimustes
1.1-1-1;Kirjavahetus KMAga
2-1-3;Regionaalala seaduseelnõud ja kooskõlastused
12.2-3-17;Eesti-Läti CBC programmi 2007-2013 lepingud
9.3-5;Teabe kogumise ja töötlemise alane üldine kirjavahetus
10.2-1-1;Sünni-, abielu-, abielulahtuse- ja surmakanded
10.1-4;Rahvastikuregistrist andmete väljastamiseks esitatud taotlused ja nende juurde kuuluvad dokumendid s.h otsused
9.3-4;Teabe edastamisega seotud dokumendid
7.1-3-5;Majandusaasta aruanne
7.2-1-1;Kinnisvara omandamise aktid
1.2-10-2;Relva ja laskemoona vedamise ja soetamise dokumendid
2-13;Lepingud (v.a majanduslikud ja juhtimisalased) (nt andmevahetusleping, tasuta kasutusleping jmt)
3.4-4;Atesteerimisalane kirjavahetus
10.2-2;Juhend perekonnaseisuasutustele
7.2-4-2;Kirjavahetus riigivara andmetes muudatuste tegemise kohta
3.1-2-2;Regionaalministri käskkiri (personal-pl)
9.2-4-1;Riikliku kriisireguleerimisplaaniga seotud dokumendid
7.2-9-7;Reaalservituudiga koormamise dokumendid (kinnisvara)
7.2-1-1;Kinnisvara omandamise aktid
7.2-8-5;Kirjavahetus teiste riigivara valitsejatega (vallasvara)
12.2-3-8;Kesk-Läänemere CBC programm 2007-2013 dokumendid
2-2;Teiste ministeeriumite poolt kooskõlastamiseks saadetud eelnõud
1.1-14;Arengu- ja tegevuskava täitmise dokumendid
2-1-4;Regionaalministri poolt esitatud õigusaktid ja kooskõlastused
5.2-2-2;Siseküsimuste alane kirjavahetus Eesti asutustega s.h. Eesti esindustega välisriigis
1-16-2;Nõunike kirjavahetus
11-3-2;Varjupaiga küsimustega seotud dokumendid
3.4-4;Atesteerimisalane kirjavahetus
12.1-3-4;Kirjavahetus kodanikega omavalitsuste küsimustes
2-4-5;Regionaalala kirjavahetus õigusküsimustes
14-10.15;SAP projektid
4.1-1-163A;EL vahenditest rahastatud projekti kuludokumentide audit
7.2-9-4;Kirjavahetus volitatud asutustega (kinnisvara)
9.1-5-1;Kirjavahetus sisejulgeoleku üldistes küsimustes
9.1-7;Memod sisejulgeoleku küsimustes
1-17-11;VV Julgeolekukomisjoni ja alakomisjoni dokumendid
8-1;Vaimulikule abielusõlmimise õiguse andmise dokumendid
10.1-1-1;Maavalitsuste lepingud ja aruanded
7.1-3-5;Majandusaasta aruanne
9.1-4-3;Päästestruktuuride alalise valmisoleku alane kirjavahetus
9.1-10-2;Terrorismivastase võitluse nõukogu dokumendid
3.4-1;Konkursi- ja atesteerimiskomisjoni esimehe käskkirjad
12.2-3-8/SFE6;Cult.Heritage
3.4-1;Konkursi- ja atesteerimiskomisjoni esimehe käskkirjad
3.4-1;Konkursi- ja atesteerimiskomisjoni esimehe käskkirjad
3.1-10;Personaliarvestuse dokumendid
3.1-2;Kantsleri personalialased käskkirjad
4.1-1-154A;Euroopa Liidu vahenditest rahastatud projekti kuludokumentide audit
3.4-4-1;Ministeeriumi ametikohtade täitmiseks väljakuulutatud avalike konkursside ja ametnike atesteerimisega seotud kirjavahetus
10.1-2;Lepingud rahvastiku registri volitatud töötlejaga
5.2-2-15;Schengen Facility vahendusasutuste tegevus- ja kuluaruanded
14-10.16;Kodanikuühenduste riikliku rahastamise korrastamise programm
7.3-3;Kirjavahetus riigihangete küsimustes
6-2;Avalikkuse informeerimist puudutavad dokumendid
4.1-1/175A;Melliste Algkool-lasteaia saali ehitamine kuludokumentide audit (meede 4.6, 2004-2006)
4.1-1/136A;Struktuurfondide meetme 4.6 vahenditest rahastatud projekti kuludokumentide audit (Noarootsi Vallavalitsus)
7.2-9-5;Kirjavahetus teiste asutustega (kinnisvara)
11-2-1;Kodakondsuspoliitikat ja välismaalasi puudutav kirjavahetus asutustega
11-1-1;Kodakondsuspoliitika alased töökavad, ülevaated, jmt
11-6;Memod ja juhised üldistes kodakondsus ja migratsioonipoliitika küsimustes
10.1-2;Lepingud rahvastiku registri volitatud töötlejaga
10.1-3;Lepingud rahvastiku registri lepinguliste töötlejatega
2-1-7;Siseministri poolt esitatud sisejulgeoleku alased õigusaktid ja kooskõlastused
2-7;Kirjavahetus asutustega õigusteeninduse küsimustes
2-4-1;Kirjavahetus õigusloomet puudutavates küsimustes valitsemisala asutustega
1.2-1-2;Riigikogu liikmete arupärimised ja kirjalikud küsimused
12.2-4-5;Hasartmängumaksust regionaalsete investeeringute programmi dokumendid
12.5-2-1;Kirjavahetus regionaalhalduse üldküsimustes
12.2-3-11/6;BaltSeaPlan
4.1-1/172A;Pokumaa teemapargi  väljaarendamine  koos vajaliku tugiinfrastruktuuri audit
12.5-1;Regionaalhalduse dokumendid
12.5-2-5;Kirjavahetus MV haridus-, kultuuri-. noorsootöö- ja spordialaste ülesannete täitmise küsimustes
2-2-7;Kooskõlastamiseks saadetud raamatupidamisalased eelnõud
12.2-3-11/11;SPIN
7.2-9-5;Kirjavahetus teiste asutustega (kinnisvara)
7.2-1-1;Kinnisvara omandamise aktid
7.2-9-1;Kirjavahetus PVAga
7.2-1-1;Kinnisvara omandamise aktid
7.2-4-2;Kirjavahetus riigivara andmetes muudatuste tegemise kohta
4.2-2;Teenistuliku järelevalve läbiviimise dokumendid
10.1-4;Rahvastikuregistrist andmete väljastamiseks esitatud taotlused ja nende juurde kuuluvad dokumendid s.h otsused
2-1-2;SIM poolt esitatud õigusaktid ja kooskõlastused
12.2-3-11;Läänemerepiirkonna TNC programm 2007-2013 dokumendid
9.1-4-3;Julgestustegevuse valdkonna dokumendid
7.2-9-4;Kirjavahetus volitatud asutustega (kinnisvara)
12.4-1;Kohanimenõukogu dokumendid
7.1-11-1;Nõuete lootusetuks tunnistamise komisjoni dokumendid
5.2-2-1;PHARE NP projektidega seotud kirjavahetus
4.1-4;Allasutuse auditi aruanne
9.2-2-1;Juhised maavalitsustele ja kohalikele omavalitsustele
7.2-6-2;Kirjavahetus hooldusalastes küsimutes
12.2-3-9/20;VisoEst by Bike
13-4;Rahvusvaheline planeeringualane kirjavahetus
12.2-4-2;Riikliku arengukava koostamisega seotud kirjavahetus
7.1-1-1;Eelarve koostamise algdokumendid
12.2-4-2;Riikliku arengukava koostamisega seotud kirjavahetus
7.2-9-8;Reaalservituudiga koormamise dokumendid
12.2-4-1;Regionaalarengu programmidega seotud kirjavahetus
14-10.17;Projekt „Rahvastikuregistri aadressandmete kvaliteedi parandamise ja ADS-iga liidestumise analüüs“
100-1;Test
7.2-1-3;Kinnisvara tasuta võõrandamise aktid
